{
  "log_transform": "log",
  "scaler_mean": 2.6496762914135115,
  "scaler_scale": 0.5510636285918346
}