{
  "y_mean": 2.728729843776573,
  "y_std": 0.5033763965285944
}